{
  "lstm": {
    "accuracy": 0.9871794871794872,
    "precision": 0.9846938775510204,
    "recall": 0.9897435897435898,
    "f1": 0.9872122762148339,
    "tp": 386.0,
    "tn": 384.0,
    "fp": 6.0,
    "fn": 4.0,
    "epochs_trained": 13,
    "final_val_acc": 0.965309202671051
  },
  "bilstm": {
    "accuracy": 0.9923076923076923,
    "precision": 0.9948453608247423,
    "recall": 0.9897435897435898,
    "f1": 0.9922879177377892,
    "tp": 386.0,
    "tn": 388.0,
    "fp": 2.0,
    "fn": 4.0,
    "epochs_trained": 14,
    "final_val_acc": 0.993966817855835
  },
  "bilstm_att": {
    "accuracy": 0.9987179487179487,
    "precision": 1.0,
    "recall": 0.9974358974358974,
    "f1": 0.9987163029525032,
    "tp": 389.0,
    "tn": 390.0,
    "fp": 0.0,
    "fn": 1.0,
    "epochs_trained": 9,
    "final_val_acc": 0.9909502267837524
  },
  "bilstm_selfatt": {
    "accuracy": 1.0,
    "precision": 1.0,
    "recall": 1.0,
    "f1": 1.0,
    "tp": 390.0,
    "tn": 390.0,
    "fp": 0.0,
    "fn": 0.0,
    "epochs_trained": 10,
    "final_val_acc": 0.9984917044639587
  },
  "cnn_bilstm_att": {
    "accuracy": 0.9948717948717949,
    "precision": 1.0,
    "recall": 0.9897435897435898,
    "f1": 0.9948453608247423,
    "tp": 386.0,
    "tn": 390.0,
    "fp": 0.0,
    "fn": 4.0,
    "epochs_trained": 6,
    "final_val_acc": 0.9984917044639587
  }
}